chunk.id	cdr3.alpha	v.alpha	j.alpha	cdr3.beta	v.beta	d.beta	j.beta	species	mhc.a	mhc.b	mhc.class	antigen.epitope	antigen.gene	antigen.species	reference.id	method.identification	method.frequency	method.singlecell	method.sequencing	method.verification	meta.study.id	meta.cell.subset	meta.subset.frequency	meta.subject.cohort	meta.subject.id	meta.replica.id	meta.clone.id	meta.epitope.id	meta.tissue	meta.donor.MHC	meta.donor.MHC.method	meta.structure.id	comment
1	CASSWASGRGDEQFF	TRAV12-2	TRAJ35	CASSWASGRGDEQFF	TRBV12-4		TRBJ2-1	HomoSapiens	HLA-A*02:01	B2M	MHCI	IMDQVPFSV	PMEL	HomoSapiens	PMID:41610844	antigen-expressing-targets		yes		antigen-loaded-targets							2446
2	CASSYGSSYEQYF	TRAV13-1	TRAJ52	CASSYGSSYEQYF	TRBV6-5		TRBJ2-7	HomoSapiens	HLA-A*02:01	B2M	MHCI	YLEPGPVTA	PMEL	HomoSapiens	PMID:41610844	antigen-expressing-targets		yes		antigen-loaded-targets							1432
3	CASSLGVRFVEAFF	TRAV12-2	TRAJ15	CASSLGVRFVEAFF	TRBV12-4		TRBJ1-1	HomoSapiens	HLA-A*02:01	B2M	MHCI	IMDQVPFSV	PMEL	HomoSapiens	PMID:41610844	antigen-expressing-targets		yes		antigen-loaded-targets							2793
4	CASSLEAGAEDEQFF	TRAV12-2	TRAJ8	CASSLEAGAEDEQFF	TRBV11-2		TRBJ2-1	HomoSapiens	HLA-A*02:01	B2M	MHCI	ELAGIGILTV	MART-1	HomoSapiens	PMID:41610844	antigen-expressing-targets		yes		antigen-loaded-targets							2799
5	CASSPAGSAWPQHF	TRAV25	TRAJ45	CASSPAGSAWPQHF	TRBV3-1		TRBJ1-5	HomoSapiens	HLA-A*02:01	B2M	MHCI	IMDQVPFSV	PMEL	HomoSapiens	PMID:41610844	antigen-expressing-targets		yes		antigen-loaded-targets							1297
6	CASSWATRGRGNTIYF	TRAV17	TRAJ33	CASSWATRGRGNTIYF	TRBV6-6		TRBJ1-3	HomoSapiens	HLA-A*02:01	B2M	MHCI	IMDQVPFSV	PMEL	HomoSapiens	PMID:41610844	antigen-expressing-targets		yes		antigen-loaded-targets							1296
7	CASSTGRYTEAFF	TRAV30	TRAJ49	CASSTGRYTEAFF	TRBV12-4		TRBJ1-1	HomoSapiens	HLA-A*02:01	B2M	MHCI	YLEPGPVTA	PMEL	HomoSapiens	PMID:41610844	antigen-expressing-targets		yes		antigen-loaded-targets							1652
8	CASNIQGGTEAFF	TRAV12-2	TRAJ22	CASNIQGGTEAFF	TRBV28		TRBJ1-1	HomoSapiens	HLA-A*02:01	B2M	MHCI	ELAGIGILTV	MART-1	HomoSapiens	PMID:41610844	antigen-expressing-targets		yes		antigen-loaded-targets							3791
9	CASDFRGAKYNEQFF	TRAV9-2	TRAJ8	CASDFRGAKYNEQFF	TRBV6-6		TRBJ2-1	HomoSapiens	HLA-A*02:01	B2M	MHCI	IMDQVPFSV	PMEL	HomoSapiens	PMID:41610844	antigen-expressing-targets		yes		antigen-loaded-targets							928
10	CASSFGPRNTDTQYF	TRAV12-2	TRAJ54	CASSFGPRNTDTQYF	TRBV27		TRBJ2-3	HomoSapiens	HLA-A*02:01	B2M	MHCI	IMDQVPFSV	PMEL	HomoSapiens	PMID:41610844	antigen-expressing-targets		yes		antigen-loaded-targets							2303
11	CASSPGYGQPQHF	TRAV12-2	TRAJ52	CASSPGYGQPQHF	TRBV6-2		TRBJ1-5	HomoSapiens	HLA-A*02:01	B2M	MHCI	ELAGIGILTV	MART-1	HomoSapiens	PMID:41610844	antigen-expressing-targets		yes		antigen-loaded-targets							1285
12	CASSLLGLAGSEQYF	TRAV38-2/DV8	TRAJ57	CASSLLGLAGSEQYF	TRBV28		TRBJ2-7	HomoSapiens	HLA-A*02:01	B2M	MHCI	ELAGIGILTV	MART-1	HomoSapiens	PMID:41610844	antigen-expressing-targets		yes		antigen-loaded-targets							2913
13	CASSTGAVYEQYF	TRAV17	TRAJ15	CASSTGAVYEQYF	TRBV6-5		TRBJ2-7	HomoSapiens	HLA-A*02:01	B2M	MHCI	YLEPGPVTA	PMEL	HomoSapiens	PMID:41610844	antigen-expressing-targets		yes		antigen-loaded-targets							1323
14	CAWSVPGVGNTIYF	TRAV12-2	TRAJ15	CAWSVPGVGNTIYF	TRBV30		TRBJ1-3	HomoSapiens	HLA-A*02:01	B2M	MHCI	ELAGIGILTV	MART-1	HomoSapiens	PMID:41610844	antigen-expressing-targets		yes		antigen-loaded-targets							2566
15	CASSPLAGGNTGELFF	TRAV12-1	TRAJ41	CASSPLAGGNTGELFF	TRBV3-1		TRBJ2-2	HomoSapiens	HLA-A*02:01	B2M	MHCI	YLQLVFGIEV	MAGE-A2	HomoSapiens	PMID:41610844	antigen-expressing-targets		yes		antigen-loaded-targets							220
16	CASSPKTANYGYTF	TRAV38-1	TRAJ54	CASSPKTANYGYTF	TRBV19		TRBJ1-2	HomoSapiens	HLA-A*02:01	B2M	MHCI	ITDQVPFSV	PMEL	HomoSapiens	PMID:41610844	antigen-expressing-targets		yes		antigen-loaded-targets							2994
17	CASSPTSGGHYEQYF	TRAV24	TRAJ40	CASSPTSGGHYEQYF	TRBV19		TRBJ2-7	HomoSapiens	HLA-A*02:01	B2M	MHCI	IMDQVPFSV	PMEL	HomoSapiens	PMID:41610844	antigen-expressing-targets		yes		antigen-loaded-targets							2869
18	CASSMGTSYEQYF	TRAV13-1	TRAJ52	CASSMGTSYEQYF	TRBV27		TRBJ2-7	HomoSapiens	HLA-A*02:01	B2M	MHCI	YLEPGPVTA	PMEL	HomoSapiens	PMID:41610844	antigen-expressing-targets		yes		antigen-loaded-targets							3636
19	CASSIRSSYEQYF	TRAV27	TRAJ42	CASSIRSSYEQYF	TRBV19		TRBJ2-7	HomoSapiens	HLA-A*02:01	B2M	MHCI	MLAVISCAV	HERV-K-MEL	HomoSapiens	PMID:41610844	antigen-expressing-targets		yes		antigen-loaded-targets							3172
20	CASSYSNVGGLEAFF	TRAV12-2	TRAJ17	CASSYSNVGGLEAFF	TRBV6-5		TRBJ1-1	HomoSapiens	HLA-A*02:01	B2M	MHCI	ELAGIGILTV	MART-1	HomoSapiens	PMID:41610844	antigen-expressing-targets		yes		antigen-loaded-targets							1488
21	CAAGYSTDTQYF	TRAV12-2	TRAJ35	CAAGYSTDTQYF	TRBV27		TRBJ2-3	HomoSapiens	HLA-A*02:01	B2M	MHCI	ELAGIGILTV	MART-1	HomoSapiens	PMID:41610844	antigen-expressing-targets		yes		antigen-loaded-targets							1754
22	CASSAGTAYEQYF	TRAV8-6	TRAJ52	CASSAGTAYEQYF	TRBV19		TRBJ2-7	HomoSapiens	HLA-A*02:01	B2M	MHCI	YLEPGPVTA	PMEL	HomoSapiens	PMID:41610844	antigen-expressing-targets		yes		antigen-loaded-targets							2527
23	CASSFGAHYEQYF	TRAV13-1	TRAJ52	CASSFGAHYEQYF	TRBV27		TRBJ2-7	HomoSapiens	HLA-A*02:01	B2M	MHCI	YLEPGPVTA	PMEL	HomoSapiens	PMID:41610844	antigen-expressing-targets		yes		antigen-loaded-targets							1696
24	CASRTGGANTEAFF	TRAV30	TRAJ40	CASRTGGANTEAFF	TRBV6-5		TRBJ1-1	HomoSapiens	HLA-A*02:01	B2M	MHCI	YLEPGPVTA	PMEL	HomoSapiens	PMID:41610844	antigen-expressing-targets		yes		antigen-loaded-targets							1140
25	CASRTIGLAGDNEQFF	TRAV12-2	TRAJ20	CASRTIGLAGDNEQFF	TRBV28		TRBJ2-1	HomoSapiens	HLA-A*02:01	B2M	MHCI	ELAGIGILTV	MART-1	HomoSapiens	PMID:41610844	antigen-expressing-targets		yes		antigen-loaded-targets							1776
26	CASSTRGSYEQYF	TRAV12-2	TRAJ13	CASSTRGSYEQYF	TRBV19		TRBJ2-7	HomoSapiens	HLA-A*02:01	B2M	MHCI	NLVPMVATV	pp65	CMV	PMID:41610844	antigen-expressing-targets		yes		antigen-loaded-targets							3048
27	CASSEGSLALYEQYF	TRAV12-2	TRAJ31	CASSEGSLALYEQYF	TRBV6-1		TRBJ2-7	HomoSapiens	HLA-A*02:01	B2M	MHCI	ELAGIGILTV	MART-1	HomoSapiens	PMID:41610844	antigen-expressing-targets		yes		antigen-loaded-targets							1403
28	CIQDNNNDMRF	TRAV26-2	TRAJ43	CASSLAPGATNEKLFF	TRBV7-6		TRBJ1-4	HomoSapiens	HLA-A*02:01	B2M	MHCI	NLVPMVATV	pp65	CMV	PMID:41610844	antigen-expressing-targets		yes		antigen-loaded-targets													
29	CALSEANNARLMF	TRAV19	TRAJ31	CASSSANYGYTF	TRBV12-4		TRBJ1-2	HomoSapiens	HLA-A*02:01	B2M	MHCI	NLVPMVATV	pp65	CMV	PMID:41610844	antigen-expressing-targets		yes		antigen-loaded-targets													
30	CAERLQTGANNLFF	TRAV5	TRAJ36	CASSTGGGGVTEAFF	TRBV13		TRBJ1-1	HomoSapiens	HLA-A*02:01	B2M	MHCI	NLVPMVATV	pp65	CMV	PMID:41610844	antigen-expressing-targets		yes		antigen-loaded-targets													
31	CIASNNNDMRF	TRAV26-2	TRAJ43	CAWSISDLAKNIQYF	TRBV30		TRBJ2-4	HomoSapiens	HLA-A*02:01	B2M	MHCI	NLVPMVATV	pp65	CMV	PMID:41610844	antigen-expressing-targets		yes		antigen-loaded-targets													
32	CAVRVGFGNVLHC	TRAV41	TRAJ35	CSVVVRGGEQFF	TRBV29-1		TRBJ2-1	HomoSapiens	HLA-A*02:01	B2M	MHCI	NLVPMVATV	pp65	CMV	PMID:41610844	antigen-expressing-targets		yes		antigen-loaded-targets													
33	CAYPYNNNDMRF	TRAV24	TRAJ43	CASSLEGYTEAFF	TRBV27		TRBJ1-1	HomoSapiens	HLA-A*02:01	B2M	MHCI	NLVPMVATV	pp65	CMV	PMID:41610844	antigen-expressing-targets		yes		antigen-loaded-targets													
34	CAGPMKTSYDKVIF	TRAV35	TRAJ50	CASASANYGYTF	TRBV12-4		TRBJ1-2	HomoSapiens	HLA-A*02:01	B2M	MHCI	NLVPMVATV	pp65	CMV	PMID:41610844	antigen-expressing-targets		yes		antigen-loaded-targets													
35	CAEIRPSGGSYIPTF	TRAV5	TRAJ6	CASSGTDNLLTYGYTF	TRBV10-2		TRBJ1-2	HomoSapiens	HLA-A*02:01	B2M	MHCI	NLVPMVATV	pp65	CMV	PMID:41610844	antigen-expressing-targets		yes		antigen-loaded-targets													
36	CACRSNFGNEKLTF	TRAV41	TRAJ48	CASSYWDRISSGNTIYF	TRBV6-6		TRBJ1-3	HomoSapiens	HLA-A*02:01	B2M	MHCI	NLVPMVATV	pp65	CMV	PMID:41610844	antigen-expressing-targets		yes		antigen-loaded-targets													
37	CAGPTKTSYDKVIF	TRAV35	TRAJ50	CASSSAYYGYTF	TRBV12-4		TRBJ1-2	HomoSapiens	HLA-A*02:01	B2M	MHCI	NLVPMVATV	pp65	CMV	PMID:41610844	antigen-expressing-targets		yes		antigen-loaded-targets													
38	CGGGGSSNTGKLIF	TRAV8-3	TRAJ37	CASSLLALGSGANVLTF	TRBV7-3		TRBJ2-6	HomoSapiens	HLA-A*02:01	B2M	MHCI	NLVPMVATV	pp65	CMV	PMID:41610844	antigen-expressing-targets		yes		antigen-loaded-targets													
39	CARNTGNQFYF	TRAV24	TRAJ49	CASSPVSGTGTYGYTF	TRBV6-5		TRBJ1-2	HomoSapiens	HLA-A*02:01	B2M	MHCI	NLVPMVATV	pp65	CMV	PMID:41610844	antigen-expressing-targets		yes		antigen-loaded-targets													
40	CARNTGNQFYF	TRAV24	TRAJ49	CASSPLTGTGSYGYTF	TRBV6-5		TRBJ1-2	HomoSapiens	HLA-A*02:01	B2M	MHCI	NLVPMVATV	pp65	CMV	PMID:41610844	antigen-expressing-targets		yes		antigen-loaded-targets													
41	CAGGGSSNTGKLIF	TRAV8-3	TRAJ37	CASSLIAIGAGANVLTF	TRBV7-3		TRBJ2-6	HomoSapiens	HLA-A*02:01	B2M	MHCI	NLVPMVATV	pp65	CMV	PMID:41610844	antigen-expressing-targets		yes		antigen-loaded-targets													
42	CAEIPGGSQGNLIF	TRAV5	TRAJ42	CASSYIGGRYGYTF	TRBV12-3		TRBJ1-2	HomoSapiens	HLA-A*02:01	B2M	MHCI	NLVPMVATV	pp65	CMV	PMID:41610844	antigen-expressing-targets		yes		antigen-loaded-targets													
43	CAYLSGDFNKFYF	TRAV24	TRAJ21	CASSVLGGAGEETQYF	TRBV9		TRBJ2-5	HomoSapiens	HLA-A*02:01	B2M	MHCI	NLVPMVATV	pp65	CMV	PMID:41610844	antigen-expressing-targets		yes		antigen-loaded-targets													
44	CARNTGNQFYF	TRAV24	TRAJ49	CASSYVVGTGFYGYTF	TRBV6-5		TRBJ1-2	HomoSapiens	HLA-A*02:01	B2M	MHCI	NLVPMVATV	pp65	CMV	PMID:41610844	antigen-expressing-targets		yes		antigen-loaded-targets													
45	CAYTGDDKIIF	TRAV38-2/DV8	TRAJ30	CAISEGYGYTF	TRBV10-3		TRBJ1-2	HomoSapiens	HLA-A*02:01	B2M	MHCI	NLVPMVATV	pp65	CMV	PMID:41610844	antigen-expressing-targets		yes		antigen-loaded-targets													
46	CAVIDSNYQLIW	TRAV1-2	TRAJ33	CASSDGVGGNTEAFF	TRBV6-4		TRBJ1-1	HomoSapiens	HLA-A*02:01	B2M	MHCI	NLVPMVATV	pp65	CMV	PMID:41610844	antigen-expressing-targets		yes		antigen-loaded-targets													
47	CIVFDAGNMLTF	TRAV26-1	TRAJ39	CASSTRRREAFF	TRBV12-4		TRBJ1-1	HomoSapiens	HLA-A*02:01	B2M	MHCI	NLVPMVATV	pp65	CMV	PMID:41610844	antigen-expressing-targets		yes		antigen-loaded-targets													
48	CAASDGGGADGLTF	TRAV13-1	TRAJ45	CASSSLSGANVLTF	TRBV5-6		TRBJ2-6	HomoSapiens	HLA-A*02:01	B2M	MHCI	NLVPMVATV	pp65	CMV	PMID:41610844	antigen-expressing-targets		yes		antigen-loaded-targets													
49	CAEIAFGNVLHC	TRAV13-2	TRAJ35	CASSADTNYGYTF	TRBV5-5		TRBJ1-2	HomoSapiens	HLA-A*02:01	B2M	MHCI	NLVPMVATV	pp65	CMV	PMID:41610844	antigen-expressing-targets		yes		antigen-loaded-targets													
50	CAVVSGGGADGLTF	TRAV8-3	TRAJ45	CASSVTPNTGELFF	TRBV6-4		TRBJ2-2	HomoSapiens	HLA-A*02:01	B2M	MHCI	NLVPMVATV	pp65	CMV	PMID:41610844	antigen-expressing-targets		yes		antigen-loaded-targets													
51	CAGYPSYIPTF	TRAV27	TRAJ6	CASSLGQGFSETQYF	TRBV7-8		TRBJ2-5	HomoSapiens	HLA-A*02:01	B2M	MHCI	NLVPMVATV	pp65	CMV	PMID:41610844	antigen-expressing-targets		yes		antigen-loaded-targets													
52	CAVVPRGTYKYIF	TRAV21	TRAJ40	CASSYAPDRGEQFF	TRBV6-6		TRBJ2-1	HomoSapiens	HLA-A*02:01	B2M	MHCI	NLVPMVATV	pp65	CMV	PMID:41610844	antigen-expressing-targets		yes		antigen-loaded-targets													
53	CIVRDSGAGSYQLTF	TRAV26-1	TRAJ28	CASSLTAYNEQFF	TRBV27		TRBJ2-1	HomoSapiens	HLA-A*02:01	B2M	MHCI	NLVPMVATV	pp65	CMV	PMID:41610844	antigen-expressing-targets		yes		antigen-loaded-targets													
54	CAVIDSNYQLIW	TRAV1-2	TRAJ33	CATSISGLATGELFF	TRBV15		TRBJ2-2	HomoSapiens	HLA-A*02:01	B2M	MHCI	NLVPMVATV	pp65	CMV	PMID:41610844	antigen-expressing-targets		yes		antigen-loaded-targets													
55	CAVRSGYSTLTF	TRAV21	TRAJ11	CSVDGRETGNTIYF	TRBV29-1		TRBJ1-3	HomoSapiens	HLA-A*02:01	B2M	MHCI	NLVPMVATV	pp65	CMV	PMID:41610844	antigen-expressing-targets		yes		antigen-loaded-targets													
56	CVVMRASWGKLQF	TRAV10	TRAJ24	CASSQTSGGARDTQYF	TRBV7-6		TRBJ2-3	HomoSapiens	HLA-A*02:01	B2M	MHCI	NLVPMVATV	pp65	CMV	PMID:41610844	antigen-expressing-targets		yes		antigen-loaded-targets													
57	CAYRSRKDDMRF	TRAV38-2/DV8	TRAJ43	CASSLVFGNTKETQYF	TRBV7-2		TRBJ2-5	HomoSapiens	HLA-A*02:01	B2M	MHCI	NLVPMVATV	pp65	CMV	PMID:41610844	antigen-expressing-targets		yes		antigen-loaded-targets													
58	CAVSANTGGFKTIF	TRAV8-4	TRAJ9	CASTPVGQGASYEQYF	TRBV7-6		TRBJ2-7	HomoSapiens	HLA-A*02:01	B2M	MHCI	NLVPMVATV	pp65	CMV	PMID:41610844	antigen-expressing-targets		yes		antigen-loaded-targets													
59	CAVSRNNARLMF	TRAV1-1	TRAJ31	CASSPFRGSFYGYTF	TRBV12-4		TRBJ1-2	HomoSapiens	HLA-A*02:01	B2M	MHCI	NLVPMVATV	pp65	CMV	PMID:41610844	antigen-expressing-targets		yes		antigen-loaded-targets													
60	CAWGENRDDKIIF	TRAV17	TRAJ30	CASSFTGSDEQFF	TRBV7-8		TRBJ2-1	HomoSapiens	HLA-A*02:01	B2M	MHCI	NLVPMVATV	pp65	CMV	PMID:41610844	antigen-expressing-targets		yes		antigen-loaded-targets													
